행정구,행정동,행정동코드,생활인구,사망자수,중상자수,경상자수
송파구,가락동,11710620,154870,0,81,4
구로구,가리봉동,11530595,11309,3,17,3
금천구,가산동,11545510,60073,4,37,11
강서구,가양동,11500603,75209,3,125,31
종로구,가회동,11110600,7131,0,1,0
은평구,갈현동,11380551,46427,0,26,5
강동구,강일동,11740515,51629,1,8,4
구로구,개봉동,11530740,68040,4,67,9
강남구,개포동,11680660,49830,0,47,12
송파구,거여동,11710531,51511,1,19,1
강동구,고덕동,11740550,45013,1,10,4
구로구,고척동,11530720,39092,1,28,7
마포구,공덕동,11440565,39172,1,21,2
노원구,공릉동,11350595,85386,1,78,14
강서구,공항동,11500620,34201,0,9,4
광진구,광장동,11215810,35627,0,7,0
중구,광희동,11140590,23176,0,31,2
종로구,교남동,11110580,7143,0,7,2
구로구,구로동,11530520,142526,5,117,23
은평구,구산동,11380560,24661,0,14,3
광진구,구의동,11215850,76407,0,30,6
광진구,군자동,11215730,19049,0,19,3
성동구,금호1가동,11200590,15059,0,12,1
성동구,금호2.3가동,11200615,19579,0,10,0
성동구,금호4가동,11200620,12502,1,9,0
강동구,길동,11740685,56112,0,33,7
성북구,길음동,11290660,53571,2,24,2
관악구,낙성대동,11620585,23085,0,3,0
서대문구,남가좌동,11410690,45265,2,82,7
용산구,남영동,11170530,16866,0,14,4
관악구,남현동,11620630,23505,0,14,0
서초구,내곡동,11650660,25426,0,4,1
동작구,노량진1동,11590510,35625,1,41,6
동작구,노량진2동,11590520,18209,0,9,2
은평구,녹번동,11380510,33717,1,27,10
강남구,논현1동,11680521,44019,0,139,27
강남구,논현2동,11680531,44600,0,3,1
광진구,능동,11215780,14936,0,10,0
중구,다산동,11140625,14575,0,1,0
동대문구,답십리동,11230600,45265,2,82,7
영등포구,당산1동,11560550,25422,0,33,5
영등포구,당산2동,11560560,36745,0,19,1
영등포구,대림동,11560700,60673,0,51,12
동작구,대방동,11590660,40643,0,20,4
은평구,대조동,11380570,40579,1,19,5
강남구,대치동,11680600,119943,3,96,7
관악구,대학동,11620735,31972,0,1,0
마포구,대흥동,11440600,22159,0,18,2
강남구,도곡동,11680655,65611,1,40,9
영등포구,도림동,11560585,14379,0,11,3
도봉구,도봉동,11320521,37855,2,40,4
마포구,도화동,11440585,16878,0,9,3
금천구,독산동,11545610,81826,4,127,32
성북구,돈암동,11290580,26298,0,21,7
성북구,동선동,11290575,24597,1,22,3
중구,동화동,11140665,9872,0,3,0
강동구,둔촌동,11740690,31547,0,18,2
강서구,등촌동,11500520,77863,0,52,9
성동구,마장동,11200540,21357,0,33,4
송파구,마천동,11710540,27304,0,19,4
중랑구,망우동,11260655,27304,0,19,4
마포구,망원동,11440690,37058,0,17,3
중랑구,면목동,11260565,113863,3,160,26
중구,명동,11140550,37115,3,26,4
강동구,명일동,11740530,42377,1,32,2
양천구,목동,11470510,143055,1,64,6
종로구,무악동,11110570,6890,0,1,0
중랑구,묵동,11260620,44265,0,51,8
영등포구,문래동,11560605,38798,0,43,7
송파구,문정동,11710641,61486,1,39,9
관악구,미성동,11620765,20871,0,4,0
강북구,미아동,11305535,22843,1,135,31
서초구,반포동,11650550,119026,1,71,14
강서구,발산동,11500611,35295,0,3,0
서초구,방배동,11650590,104168,1,66,9
송파구,방이동,11710561,54113,0,50,13
도봉구,방학동,11320690,55198,0,51,6
강서구,방화동,11500630,75010,1,32,3
강북구,번동,11305590,45194,4,56,10
용산구,보광동,11170700,10431,0,12,1
관악구,보라매동,11620525,16359,0,0,0
성북구,보문동,11290610,15848,1,19,6
종로구,부암동,11110550,14329,0,1,0
서대문구,북가좌동,11410710,51078,0,35,5
서대문구,북아현동,11410555,37843,0,11,1
은평구,불광동,11380520,50539,1,24,18
성동구,사근동,11200550,22798,0,4,1
동작구,사당동,11590620,100694,0,62,6
종로구,사직동,11110530,24657,0,3,2
강북구,삼각산동,11305575,21404,0,0,0
성북구,삼선동,11290555,25648,0,18,2
강남구,삼성동,11680580,84278,0,64,16
강북구,삼양동,11305534,22650,0,0,0
송파구,삼전동,11710610,30645,0,21,5
종로구,삼청동,11110540,5117,0,2,0
노원구,상계동,11350630,201877,2,144,35
동작구,상도동,11590530,104851,1,96,20
중랑구,상봉동,11260580,43730,0,71,12
마포구,상암동,11440740,47615,2,19,4
강동구,상일동,11740520,39338,0,15,3
마포구,서강동,11440655,26302,0,0,0
마포구,서교동,11440660,74251,0,54,21
용산구,서빙고동,11170690,15513,1,23,5
서초구,서초동,11650510,141755,2,115,8
성북구,석관동,11290810,26794,0,25,3
송파구,석촌동,11710600,28987,0,28,3
강동구,성내동,11740640,74561,0,29,1
성북구,성북동,11290525,21015,0,23,2
마포구,성산동,11440720,57360,3,24,5
성동구,성수1가동,11200650,39003,1,52,9
성동구,성수2가동,11200670,54153,1,41,3
관악구,성현동,11620565,22292,0,3,1
강남구,세곡동,11680700,44886,0,10,1
중구,소공동,11140520,29429,0,2,0
성동구,송정동,11200720,10673,0,3,1
강북구,송중동,11305545,34668,1,9,0
강북구,송천동,11305555,26686,0,1,0
송파구,송파동,11710580,49531,0,54,3
구로구,수궁동,11530790,22064,0,0,0
은평구,수색동,11380650,12325,0,7,1
강남구,수서동,11680750,23720,1,19,1
강북구,수유동,11305610,63259,1,124,26
종로구,숭인동,11110700,20567,0,19,2
금천구,시흥동,11545670,27398,2,65,14
영등포구,신길동,11560630,83487,1,78,15
중랑구,신내동,11260680,51573,0,42,11
중구,신당동,11140615,45687,0,109,15
동작구,신대방동,11590670,41925,2,40,11
구로구,신도림동,11530510,32957,0,23,5
관악구,신림동,11620695,121920,5,240,50
은평구,신사1동,11380631,23723,0,0,0
은평구,신사2동,11380632,12806,0,0,0
강남구,신사동,11680510,37805,1,70,7
마포구,신수동,11440630,17843,2,12,2
관악구,신원동,11620655,16609,0,7,0
양천구,신월동,11470560,82193,2,78,15
양천구,신정동,11470620,145828,3,98,15
서대문구,신촌동,11410585,54462,1,27,2
도봉구,쌍문동,11320660,63740,0,64,16
마포구,아현동,11440555,25447,0,14,3
성북구,안암동,11290600,22949,0,33,0
강동구,암사동,11740570,55638,0,33,10
강남구,압구정동,11680545,44405,1,8,1
서초구,양재1동,11650651,53856,0,16,0
서초구,양재2동,11650652,38177,1,48,4
영등포구,양평동,11560610,47552,3,49,7
영등포구,여의동,11560540,93805,1,65,17
강남구,역삼동,11680640,163953,4,133,23
은평구,역촌동,11380625,42058,0,46,3
마포구,연남동,11440710,18810,0,12,2
서대문구,연희동,11410615,35821,1,33,2
마포구,염리동,11440610,10856,0,6,0
강서구,염창동,11500510,30781,4,16,5
영등포구,영등포동,11560535,52908,0,10,6
영등포구,영등포본동,11560515,19106,0,64,6
송파구,오금동,11710570,36364,0,38,5
구로구,오류1동,11530770,14712,1,50,10
구로구,오류2동,11530780,50915,0,11,2
송파구,오륜동,11710566,17494,0,0,0
성동구,옥수동,11200645,27136,0,13,0
성동구,왕십리2동,11200520,14701,1,15,3
성동구,왕십리도선동,11200535,29623,0,20,2
마포구,용강동,11440590,31535,0,2,0
성동구,용답동,11200790,19296,0,11,0
용산구,용문동,11170590,8373,0,5,1
용산구,용산2가동,11170520,12028,0,11,0
동대문구,용신동,11230536,40981,2,88,6
강북구,우이동,11305645,19350,1,5,0
강서구,우장산동,11500615,32164,0,23,3
용산구,원효로1동,11170560,20859,0,15,4
용산구,원효로2동,11170570,15302,1,5,0
노원구,월계동,11350560,65695,0,47,7
성북구,월곡1동,11290715,24836,1,7,0
성북구,월곡2동,11290725,22549,1,44,3
관악구,은천동,11620605,28809,0,0,0
중구,을지로동,11140605,18213,0,19,12
성동구,응봉동,11200580,10736,0,1,0
은평구,응암동,11380580,62440,0,34,5
동대문구,이문동,11230740,37567,2,40,3
용산구,이촌동,11170630,32906,0,15,1
용산구,이태원동,11170650,24295,0,37,5
종로구,이화동,11110640,23777,0,0,0
강북구,인수동,11305660,28270,0,0,0
관악구,인헌동,11620625,24971,0,4,0
강남구,일원동,11680730,56964,1,18,0
광진구,자양동,11215820,94722,0,46,6
송파구,잠실동,11710650,188016,1,38,10
서초구,잠원동,11650540,33623,1,24,5
동대문구,장안동,11230650,61888,3,103,8
성북구,장위동,11290760,39787,6,37,8
송파구,장지동,11710646,56914,1,27,2
중구,장충동,11140580,12143,0,10,2
동대문구,전농동,11230560,45675,2,54,6
성북구,정릉동,11290620,66134,1,44,1
동대문구,제기동,11230545,32853,1,54,6
관악구,조원동,11620725,27902,0,0,0
종로구,종로1.2.3.4가동,11110615,62157,0,30,3
종로구,종로5.6가동,11110630,16822,3,21,4
성북구,종암동,11290705,36442,0,43,4
노원구,중계동,11350621,95489,2,46,3
광진구,중곡동,11215740,72877,0,52,9
중구,중림동,11140680,9451,0,2,0
관악구,중앙동,11620615,15531,0,0,0
중랑구,중화동,11260600,40938,0,60,5
은평구,증산동,11380640,14971,0,8,1
은평구,진관동,11380690,62844,4,20,0
도봉구,창동,11320511,109005,2,59,13
종로구,창신동,11110670,22980,1,17,4
서대문구,천연동,11410520,15977,2,14,3
강동구,천호동,11740600,102109,1,83,9
중구,청구동,11140645,11835,0,0,0
강남구,청담동,11680565,43384,3,44,4
동대문구,청량리동,11230705,18344,0,29,7
관악구,청룡동,11620595,38558,0,0,0
관악구,청림동,11620545,10527,0,0,0
종로구,청운효자동,11110515,17143,0,19,3
용산구,청파동,11170555,21959,1,19,2
서대문구,충현동,11410565,40110,0,12,0
종로구,평창동,11110560,17452,0,21,2
송파구,풍납동,11710510,51316,0,24,2
중구,필동,11140570,11329,0,4,1
노원구,하계동,11350611,40404,0,35,2
용산구,한강로동,11170625,51779,2,41,5
용산구,한남동,11170685,31377,3,41,3
마포구,합정동,11440680,23209,0,7,0
성동구,행당동,11200560,39910,2,42,7
관악구,행운동,11620575,23076,2,211,34
종로구,혜화동,11110650,29878,0,5,1
서대문구,홍은동,11410660,37956,2,27,3
서대문구,홍제동,11410620,48904,1,23,6
강서구,화곡동,11500590,173687,1,150,28
광진구,화양동,11215710,38766,0,25,1
중구,황학동,11140670,13221,0,17,1
동대문구,회기동,11230710,19814,0,17,3
중구,회현동,11140540,25595,0,0,0
용산구,효창동,11170580,9591,0,6,1
용산구,후암동,11170510,13480,0,7,1
동대문구,휘경동,11230720,36528,1,30,2
동작구,흑석동,11590605,31408,1,16,2
